{"python3.9 wrapper.py  -C 1 -shrinking True": 0.9777776666666668, "python3.9 wrapper.py  -C 0.417022004702574 -shrinking False": 1.0, "python3.9 wrapper.py  -C 0.9939130246104789 -shrinking False": 1.0, "python3.9 wrapper.py  -C 0.00011437481734488664 -shrinking True": 0.3333333333333333, "python3.9 wrapper.py  -C 0.703516988152653 -shrinking False": 1.0, "python3.9 wrapper.py  -C 0.21162811600005904 -shrinking True": 0.822222, "python3.9 wrapper.py  -C 0.5597169820541424 -shrinking True": 1.0, "python3.9 wrapper.py  -C 0.8447344453922219 -shrinking False": 1.0, "python3.9 wrapper.py  -C 0.10322600657764203 -shrinking True": 0.4888886666666667, "python3.9 wrapper.py  -C 0.31342417815924284 -shrinking False": 0.9555556666666667, "python3.9 wrapper.py  -C 0.9163055534683507 -shrinking False": 1.0}